parent_asin,child_asin,title,sku,sessions_total,sessions_b2b,session_percentage_total,session_percentage_b2b,page_views_total,page_views_b2b,page_views_percentage_total,page_views_percentage_b2b,buy_box_percentage,buy_box_percentage_b2b,units_ordered,units_ordered_b2b,unit_session_percentage,unit_session_percentage_b2b,sales_total,sales_b2b,order_items_total,order_items_b2b,is_prime,base_sku,sku_category,conversion_rate,avg_order_value,revenue_per_session,buy_box_win_rate,high_conversion,high_revenue
B0B46GGBBP,B0B46GGBBP,Parkers Triple Lion Plain Uncooked Poppadoms 1kg,ACC01 - 001,17,1,1.81,2.17,31,1,2.47,1.54,100.0,0.0,10,1,58.82,100.0,112.6,11.26,10,1,False,ACC01 - 001,ACC,58.82352941176471,11.26,6.623529411764705,100.0,False,True
B0DVS6YBJW,B0DVS6YBJW,Monin Premium Passionfruit Syrup for Cocktails and Mocktails Passionfruit Martini Flavouring Syrup 700ml,MONINS27 - 003 Prime,34,1,3.62,2.17,46,1,3.66,1.54,76.19,100.0,9,0,26.47,0.0,123.12,0.0,8,0,True,MONINS27,MONINS,26.47058823529412,13.68,3.621176470588235,76.19,False,True
B07T81KJ2K,B078VB2BF7,"Burts Lightly Sea Salted Hand Cooked Burts Crisps Sharing Bags - 10 x 150 g Multipack Box - Vegan and Vegetarian Friendly, Gluten Free, Hydrogenated Fat Free, Non-GMO – Salted Share Bags",CRI10,9,0,0.96,0.0,15,0,1.19,0.0,91.67,0.0,5,0,55.56,0.0,94.8,0.0,5,0,False,CRI10,CRI,55.55555555555556,18.96,10.533333333333333,91.67,False,True
B004BLBWXI,B004BLBWXI,Fattoria Estense White Balsamic Vinegar (500ml),VIN22B,5,0,0.53,0.0,6,0,0.48,0.0,100.0,0.0,4,0,80.0,0.0,32.76,0.0,4,0,False,VIN22B,VIN,80.0,8.19,6.552,100.0,False,False
B0B8XHPF85,B09T3GDNGT,Rowse Runny Honey 3.17kg,HON27C - 002 Prime,21,0,2.24,0.0,29,0,2.31,0.0,92.31,0.0,4,0,19.05,0.0,89.96,0.0,4,0,True,HON27C,HON,19.047619047619047,22.49,4.2838095238095235,92.31,False,True
B0CP9JP9NG,B0CP9JP9NG,Jose Paez Lobato Capirette 6 Year Aged Sherry Vinegar 750ml,VIN16B - 002 Prime,7,0,0.75,0.0,8,0,0.64,0.0,100.0,0.0,4,0,57.14,0.0,39.56,0.0,4,0,True,VIN16B,VIN,57.14285714285714,9.89,5.651428571428572,100.0,False,False
B0F1DL7WFZ,B0F1DL7WFZ,Crusha STRAWBERRY No Added Sugar Milk Shake Syrup 500ml,CRUSHA006 - 004 Prime,7,0,0.75,0.0,8,0,0.64,0.0,100.0,0.0,4,0,57.14,0.0,27.48,0.0,4,0,True,CRUSHA006,CRUSHA,57.14285714285714,6.87,3.9257142857142857,100.0,False,False
B00279RYEM,B00279RYEM,Unknown Japanese Kewpie Mayonnaise - 17.64 Oz. (Pack Of 3),MAY25A - 007 Prime,9,0,0.96,0.0,13,0,1.04,0.0,41.67,0.0,4,0,44.44,0.0,83.8,0.0,3,0,True,MAY25A,MAY,44.44444444444444,20.95,9.31111111111111,41.67,False,True
B0CF542CNX,B007TKGTAY,Jantex Professional Kitchen Multi-Surface Cleaner and Sanitiser Spray - Odourless and Ready To Use | 750ml | Antibacterial BS EN 1276 | CF968,CLE04 - 001 Prime,22,3,2.35,6.52,27,4,2.15,6.15,84.62,0.0,3,0,13.64,0.0,22.23,0.0,3,0,True,CLE04,CLE,13.636363636363635,7.41,1.0104545454545455,84.62,False,False
B08QDX4141,B084D691B5,"Folkington's Elderflower Soft Drink Pressé, 12 Cans, Gently Sparkling, Great Cocktail and Gin Mixer, 250 ml - Pack of 12",FOL10 - 001 Prime,3,0,0.32,0.0,4,0,0.32,0.0,75.0,0.0,3,0,100.0,0.0,55.29,0.0,3,0,True,FOL10,FOL,100.0,18.43,18.43,75.0,False,True
B093C4T4C7,B093C4T4C7,"Luxury Seed Mix - Pumpkin, Sunflower, Linseed & Poppy Seed 1Kg Mix Parkers Foodservice",SEE09 - 001,1,0,0.11,0.0,2,0,0.16,0.0,100.0,0.0,3,0,300.0,0.0,30.6,0.0,3,0,False,SEE09 - 001,SEE,300.0,10.200000000000001,30.6,100.0,True,False
B0BGPMD867,B0BGPMD867,LA ESPAÑOLA - Extra Virgin Olive Oil Made from 100% Spanish Olives. 5 l Bottle,OIL02H - 001 Prime,25,0,2.67,0.0,28,0,2.23,0.0,44.44,0.0,3,1,12.0,0.0,101.94,33.98,3,1,True,OIL02H,OIL,12.0,33.98,4.0776,44.44,False,True
B0CD2QKD7V,B0CD2QKD7V,"Crusha Milkshake Banana, Chocolate and Strawberry Bundle (3 x 1ltr) F",Bundle - 009 Prime,10,0,1.07,0.0,15,0,1.19,0.0,73.33,0.0,3,0,30.0,0.0,58.47,0.0,3,0,True,Bundle,B,30.0,19.49,5.8469999999999995,73.33,False,True
B0CJQKPVZ8,B0CJQJJT1X,"Firefly Still Botanical Drinks in Glass 330ml (Pack of 12) Kiwi, Lime & Mint",FIREF003 - 004 Prime,2,0,0.21,0.0,3,0,0.24,0.0,100.0,0.0,3,0,150.0,0.0,68.82,0.0,3,0,True,FIREF003,FIREF,150.0,22.939999999999998,34.41,100.0,True,True
B0CV7Z6WJX,B0CV7Z6WJX,Rude Health Gluten Free Oat Barista Drink 1ltr (Pack of 6),ALP09A - 002 Prime,3,0,0.32,0.0,5,0,0.4,0.0,100.0,0.0,5,3,166.67,0.0,71.45,42.87,3,1,True,ALP09A,ALP,166.66666666666669,14.290000000000001,23.816666666666666,100.0,True,True
B0D7J2LZYN,B0D7J2JD91,"Cambrook (1kg, Hickory Smoked Almonds)",CAMBR008 - 002 Prime,4,0,0.43,0.0,5,0,0.4,0.0,100.0,0.0,4,0,100.0,0.0,83.96,0.0,3,0,True,CAMBR008,CAMBR,100.0,20.99,20.99,100.0,False,True
B0F9FPC3DT,B0F9FPC3DT,Callebaut Ruby Chocolate Callets RB2 400g | Intense Fruity Pink Chocolate | 32.8% Cocoa,CAL28AB - 001,8,0,0.85,0.0,11,0,0.88,0.0,100.0,0.0,3,0,37.5,0.0,47.58,0.0,3,0,False,CAL28AB - 001,CAL,37.5,15.86,5.9475,100.0,False,True
B0FBS8JL1G,B0FBS8JL1G,Penn State Original Sea Salted Pretzels – 33 x 30g | Baked Wheat Snacks | Vegan & Vegetarian | Individually Wrapped,PRETZEL002 - 001,2,2,0.21,4.35,3,3,0.24,4.62,33.33,33.33,3,3,150.0,150.0,84.57,84.57,3,3,False,PRETZEL002 - 001,PRETZEL,150.0,28.189999999999998,42.285,33.33,True,True
B004BLBWXI,B004BLBWXI,Fattoria Estense White Balsamic Vinegar (500ml),VIN22B Prime,5,0,0.53,0.0,6,0,0.48,0.0,100.0,0.0,3,0,60.0,0.0,28.47,0.0,2,0,True,VIN22B,VIN,60.0,9.49,5.694,100.0,False,False
B004BTED72,B004BTED72,Pidy Zakouski Mini Round Vol Au Vent Cases - 96 Portions,TAR31-001 Prime,10,0,1.07,0.0,12,0,0.96,0.0,100.0,0.0,2,0,20.0,0.0,45.98,0.0,2,0,True,TAR31-001,TAR,20.0,22.99,4.598,100.0,False,True
B0D4R6VF7G,B004SBQYMU,"Maldon - Sea Salt Flakes, Unique Pyramid Shaped Salt Flakes, Perfect for a Wide Range of Dishes, Hand-Harvested for Four Generations, 1.4kg Tub",SAL03A - 001,67,4,7.14,8.7,78,4,6.21,6.15,0.0,0.0,2,0,2.99,0.0,45.44,0.0,2,0,False,SAL03A - 001,SAL,2.9850746268656714,22.72,0.6782089552238806,0.0,False,True
B005NN9TCY,B005NN9TCY,"Bisto The Original Gravy Powder Just Add to Roasting Juices, 3 kg Tub (Pack of 1) - Packaging may vary",GRA04 - 001 Prime,37,0,3.94,0.0,65,0,5.18,0.0,3.17,0.0,2,0,5.41,0.0,66.48,0.0,2,0,True,GRA04,GRA,5.405405405405405,33.24,1.7967567567567568,3.17,False,True
B093CPH8Q9,B005TFYI0O,"Folkington's Tomato Juice, 12 Glass Bottles, Pure Juice, Multipack 12 x 250 ml",FOL06 - 001,4,1,0.43,2.17,5,1,0.4,1.54,100.0,100.0,2,1,50.0,100.0,47.62,23.81,2,1,False,FOL06 - 001,FOL,50.0,23.81,11.905,100.0,False,True
B00BKXR158,B00BKXR158,Callebaut Hazelnut Praline Paste 1 kg,BAK13 - 001 Prime,8,0,0.85,0.0,10,0,0.8,0.0,100.0,0.0,3,0,37.5,0.0,74.91,0.0,2,0,True,BAK13,BAK,37.5,24.97,9.36375,100.0,False,True
B00CS6K6AS,B00CS6K6AS,Whirl Vegetable Oil Butter Flavour 1X4LTR,BUT25D,5,1,0.53,2.17,13,4,1.04,6.15,100.0,0.0,2,0,40.0,0.0,46.24,0.0,2,0,False,BUT25D,BUT,40.0,23.12,9.248000000000001,100.0,False,True
B01M7539CK,B00DX05G4Y,"CHEF Jus de Veau Lié Thickened Veal Jus, 900 g",CHEFPA06A - PR2,5,0,0.53,0.0,5,0,0.4,0.0,60.0,0.0,2,0,40.0,0.0,41.12,0.0,2,0,False,CHEFPA06A - PR2,CHEFPA,40.0,20.56,8.224,60.0,False,True
B00XP83RPE,B00XP83RPE,Bottlegreen Elderflower Cordial (6 x 500ml Bottles,COR50 - 001 Prime,3,0,0.32,0.0,3,0,0.24,0.0,100.0,0.0,2,0,66.67,0.0,60.66,0.0,2,0,True,COR50,COR,66.66666666666666,30.33,20.22,100.0,False,True
B01EX17VI0,B01EX17VI0,( 2.55kg Pack ) Branston Small Chunk Pickle 2.55kg,PIC01C - 002,2,0,0.21,0.0,4,0,0.32,0.0,100.0,0.0,2,0,100.0,0.0,34.34,0.0,2,0,False,PIC01C - 002,PIC,100.0,17.17,17.17,100.0,False,False
B077B43TXT,B077B43TXT,Country Range Assorted Jam Portions - 1x100x20g,JAM03B - 009 Prime,42,1,4.48,2.17,51,2,4.06,3.08,12.77,100.0,2,1,4.76,100.0,31.96,15.98,2,1,True,JAM03B,JAM,4.761904761904762,15.98,0.7609523809523809,12.77,False,False
B082P6H6GD,B082P6H6GD,KTC Malt Vinegar - 5 Litres,VIN01A - 001,7,0,0.75,0.0,11,0,0.88,0.0,100.0,0.0,2,0,28.57,0.0,17.1,0.0,2,0,False,VIN01A - 001,VIN,28.57142857142857,8.55,2.442857142857143,100.0,False,False
B088FRQ5ZW,B088FRQ5ZW,Triple Lion Tapioca Pearl - 1x3kg,CER20,2,0,0.21,0.0,3,0,0.24,0.0,100.0,0.0,2,0,100.0,0.0,27.04,0.0,2,0,False,CER20,CER,100.0,13.52,13.52,100.0,False,False
B08TRJRNWK,B08TRJRNWK,Gluten Free Large Crumb 1Kg - Suitable Panko Alternative,BRF03C,6,1,0.64,2.17,7,1,0.56,1.54,83.33,0.0,2,0,33.33,0.0,18.98,0.0,2,0,False,BRF03C,BRF,33.33333333333333,9.49,3.1633333333333336,83.33,False,False
B08WHKR88F,B08WHKR88F,Tonka Beans 250g Centaur,KZ-ITK0-EINK,3,0,0.32,0.0,3,0,0.24,0.0,100.0,0.0,2,0,66.67,0.0,53.98,0.0,2,0,False,KZ-ITK0-EINK,KZ,66.66666666666666,26.99,17.993333333333332,100.0,False,True
B09T3DYBGQ,B09T3DYBGQ,Bisto The Original Gravy Powder 3kg,GRA04 - 003 Prime,7,0,0.75,0.0,8,0,0.64,0.0,75.0,0.0,2,0,28.57,0.0,66.48,0.0,2,0,True,GRA04,GRA,28.57142857142857,33.24,9.497142857142858,75.0,False,True
B09W66RX26,B09W66RX26,Lion Premium Thai Sweet Chilli Sauce 2.27 Litres,LIO15 - 001 Prime,4,0,0.43,0.0,5,0,0.4,0.0,100.0,0.0,2,0,50.0,0.0,29.38,0.0,2,0,True,LIO15,LIO,50.0,14.69,7.345,100.0,False,False
B09YYNPBXJ,B09YYNPBXJ,"Atlas Paillette Feuilletine 2.5kg I Ranson I Baking I Patisserie, Yellow",BAK16A - 001,2,0,0.21,0.0,4,0,0.32,0.0,100.0,0.0,3,0,150.0,0.0,92.7,0.0,2,0,False,BAK16A - 001,BAK,150.0,30.900000000000002,46.35,100.0,True,True
B0BQZ3GQTF,B0BQZ3GQTF,Centaur Dijon Mustard 1kg,MUSTAR03 - 001,3,0,0.32,0.0,4,0,0.32,0.0,100.0,0.0,2,0,66.67,0.0,27.68,0.0,2,0,False,MUSTAR03 - 001,MUSTAR,66.66666666666666,13.84,9.226666666666667,100.0,False,False
B0C4FGTNRB,B0C4FGTNRB,Roquito® Sliced Sweet Chilli Peppers – 3kg,MED33F - 001 Prime,4,0,0.43,0.0,5,0,0.4,0.0,100.0,0.0,3,2,75.0,0.0,47.58,31.72,2,1,True,MED33F,MED,75.0,15.86,11.895,100.0,False,True
B0CD7WJGVM,B0CD7WHNNJ,"Crusha Milk Shake Syrup 1ltr (Chocolate, 1)",CRUSHA002 - 003 Prime,2,0,0.21,0.0,3,0,0.24,0.0,100.0,0.0,2,0,100.0,0.0,19.7,0.0,2,0,True,CRUSHA002,CRUSHA,100.0,9.85,9.85,100.0,False,False
B0CD7WJGVM,B0CD7Z3H81,"Crusha Milk Shake Syrup 1ltr (Banana, 1)",CRUSHA001 - 003 Prime,9,0,0.96,0.0,15,0,1.19,0.0,85.71,0.0,2,0,22.22,0.0,19.8,0.0,2,0,True,CRUSHA001,CRUSHA,22.22222222222222,9.9,2.2,85.71,False,False
B0CKBXFPP6,B0CKBXFPP6,Riverdene Cranberry Sauce 2.5kg,CON03B - 001,2,0,0.21,0.0,2,0,0.16,0.0,100.0,0.0,3,0,150.0,0.0,47.19,0.0,2,0,False,CON03B - 001,CON,150.0,15.729999999999999,23.595,100.0,True,True
B0CPJZ889Z,B0CPKCVG66,Profiterole Shells 75 x 4cm (1),TAR10B - 010 Prime,6,0,0.64,0.0,6,0,0.48,0.0,100.0,0.0,3,0,50.0,0.0,60.45,0.0,2,0,True,TAR10B,TAR,50.0,20.150000000000002,10.075000000000001,100.0,False,True
B0CPQ423L1,B0CPQ423L1,Brown Bag Oak Smoked Chilli Crisps and West Country Cheddar & Onion Crisps (2 Boxes),Crisps Bundle - 006 Prime,3,0,0.32,0.0,4,0,0.32,0.0,100.0,0.0,2,0,66.67,0.0,66.2,0.0,2,0,True,Crisps Bundle,C,66.66666666666666,33.1,22.066666666666666,100.0,False,True
B0D33ZG5LJ,B0D33TYL4R,"Alpro - Milk For Professionals - 1ltr (6, Soya)",ALP01 - 003 Prime,4,0,0.43,0.0,7,0,0.56,0.0,100.0,0.0,2,0,50.0,0.0,35.12,0.0,2,0,True,ALP01,ALP,50.0,17.56,8.78,100.0,False,False
B0D92Q4179,B0D92Q4179,"Jersey Ice Cream Mix 1ltr (6, Luxury)",UHT31B - 003 Prime,3,0,0.32,0.0,6,0,0.48,0.0,100.0,0.0,2,0,66.67,0.0,61.36,0.0,2,0,True,UHT31B,UHT,66.66666666666666,30.68,20.453333333333333,100.0,False,True
B0DK26LVMM,B0DK26LVMM,Vignola - PAELLA Rice - 1kg,RIC14C - 002 Prime,2,1,0.21,2.17,2,1,0.16,1.54,50.0,0.0,2,0,100.0,0.0,15.06,0.0,2,0,True,RIC14C,RIC,100.0,7.53,7.53,50.0,False,False
B0DPJ458LV,B0DPJ458LV,Centaur - Duck Fat - 1kg,FAT03C - 001 Prime,7,1,0.75,2.17,8,1,0.64,1.54,100.0,100.0,2,0,28.57,0.0,27.2,0.0,2,0,True,FAT03C,FAT,28.57142857142857,13.6,3.8857142857142857,100.0,False,False
B0DSG1W7W6,B0DSG1W7W6,Mousline - Mash Potato Mix - 4kg,POT04 - 001 Prime,3,0,0.32,0.0,5,0,0.4,0.0,100.0,0.0,3,0,100.0,0.0,110.13,0.0,2,0,True,POT04,POT,100.0,36.71,36.71,100.0,False,True
B0DVCBHP39,B0DVCBHP39,Callebaut Ruby RB2 & Gold Callets Bundle – 2 x 400g | Fruity & Caramel Couverture Chocolate | 32.8% & 30.4%,Bundle - 215 Prime,14,0,1.49,0.0,20,0,1.59,0.0,93.33,0.0,3,0,21.43,0.0,79.62,0.0,2,0,True,Bundle,B,21.428571428571427,26.540000000000003,5.687142857142858,93.33,False,True
B0F678TNLY,B0F678TNLY,Fontinella Solid Pack Apples – 2.6kg Tin | Pre-Prepared Apple in Natural Juice | Ideal for Baking and Cooking,FRU01B - 001 Prime,2,0,0.21,0.0,3,0,0.24,0.0,100.0,0.0,2,0,100.0,0.0,19.76,0.0,2,0,True,FRU01B,FRU,100.0,9.88,9.88,100.0,False,False
B0000DC32H,B0000DC32H,"Monin Hazelnut Syrup, 750 ml Hazelnut",MONINS03 - 001,0,0,0.0,0.0,0,0,0.0,0.0,0.0,0.0,1,0,0.0,0.0,13.68,0.0,1,0,False,MONINS03 - 001,MONINS,0.0,13.68,0.0,0.0,False,False
B001AO2HCO,B001AO2HCO,Nielsen-massey Pure Peppermint Extract 60 ml,ESS18 - 002,2,0,0.21,0.0,4,0,0.32,0.0,100.0,0.0,1,0,50.0,0.0,8.28,0.0,1,0,False,ESS18 - 002,ESS,50.0,8.28,4.14,100.0,False,False
B0CH1LNQ4Y,B0026LWDM4,"MONIN Premium Green Mint Syrup 700ml for Cocktails and Mocktails. Vegan-Friendly, Allergen-Free, 100% Natural Flavours",MONINS09,16,0,1.71,0.0,18,0,1.43,0.0,100.0,0.0,1,0,6.25,0.0,11.21,0.0,1,0,False,MONINS09,MONINS,6.25,11.21,0.700625,100.0,False,False
B003ZG3G7U,B003ZG3G7U,La Perruche Rough Sugar Cubes White (1kg),SUG16,6,0,0.64,0.0,9,0,0.72,0.0,22.22,0.0,2,0,33.33,0.0,17.38,0.0,1,0,False,SUG16,SUG,33.33333333333333,8.69,2.8966666666666665,22.22,False,False
B0051C19BQ,B0051C19BQ,"Bottle Green Elderflower Cordial, 500ml",COR50 - 006 Prime,12,0,1.28,0.0,15,0,1.19,0.0,0.0,0.0,2,0,16.67,0.0,18.34,0.0,1,0,True,COR50,COR,16.666666666666664,9.17,1.5283333333333333,0.0,False,False
B0062IB652,B0062IB652,"Heinz Salad Cream, 2.15Ltr",HEI04 - 001,7,0,0.75,0.0,10,0,0.8,0.0,0.0,0.0,1,0,14.29,0.0,19.76,0.0,1,0,False,HEI04 - 001,HEI,14.285714285714285,19.76,2.822857142857143,0.0,False,False
B0D1QKM8LL,B006VD14BO,Mae Ploy Masaman Curry Paste 400 g (Pack of 4),ORI23 - 002 Prime,0,0,0.0,0.0,0,0,0.0,0.0,0.0,0.0,1,0,0.0,0.0,15.45,0.0,1,0,True,ORI23,ORI,0.0,15.45,0.0,0.0,False,False
B0CF542CNX,B007TKGTAY,Jantex Professional Kitchen Multi-Surface Cleaner and Sanitiser Spray - Odourless and Ready To Use | 750ml | Antibacterial BS EN 1276 | CF968,CLE04 - 001,22,3,2.35,6.52,27,4,2.15,6.15,84.62,0.0,1,0,4.55,0.0,6.74,0.0,1,0,False,CLE04 - 001,CLE,4.545454545454546,6.74,0.3063636363636364,84.62,False,False
B008LE65XS,B008LE65XS,jose lobato Spanish Sherry Vinegar 75cl,VIN16B - 003 Prime,5,0,0.53,0.0,7,0,0.56,0.0,85.71,0.0,1,0,20.0,0.0,9.99,0.0,1,0,True,VIN16B,VIN,20.0,9.99,1.998,85.71,False,False
B07TLDK9XJ,B008SAUDEM,Yutaka Wasabi Peas 2kg | Crunchy Japanese Snack with Spicy Wasabi Kick – Gluten-Free,BAR04A - 001 uk shipping,6,1,0.64,2.17,9,1,0.72,1.54,75.0,0.0,1,0,16.67,0.0,18.57,0.0,1,0,False,BAR04A - 001 uk shipping,BAR,16.666666666666664,18.57,3.095,75.0,False,False
B07TLDK9XJ,B008SAUDEM,Yutaka Wasabi Peas 2kg | Crunchy Japanese Snack with Spicy Wasabi Kick – Gluten-Free,BAR04A - 001,6,1,0.64,2.17,9,1,0.72,1.54,75.0,0.0,1,0,16.67,0.0,19.15,0.0,1,0,False,BAR04A - 001,BAR,16.666666666666664,19.15,3.1916666666666664,75.0,False,False
B0DX763BXB,B009C324QY,"Le Guerandais Celtic Coarse Grey Sea Salt In 1kg Bags, Hand Harvested In Guerande/France",SAL21 - 002 Prime,25,0,2.67,0.0,32,0,2.55,0.0,0.0,0.0,3,0,12.0,0.0,21.81,0.0,1,0,True,SAL21,SAL,12.0,7.27,0.8724,0.0,False,False
B00BEVBS50,B00BEVBS50,Valrhona Cocoa Powder 250 gm,VALRHONA002A - 001,3,0,0.32,0.0,3,0,0.24,0.0,100.0,0.0,1,0,33.33,0.0,15.72,0.0,1,0,False,VALRHONA002A - 001,VALRHONA,33.33333333333333,15.72,5.24,100.0,False,False
B00BQAUS1Y,B00BQAUS1Y,SOSA Powdered Smoke 500 g,SOS51 - 001,2,1,0.21,2.17,2,1,0.16,1.54,100.0,0.0,1,0,50.0,0.0,29.49,0.0,1,0,False,SOS51 - 001,SOS,50.0,29.49,14.745,100.0,False,False
B093CPH8Q9,B00CBJX9V0,Folkingtons Pure Pressed Valencia Orange Juice - 12 x 250ml Bottles,FOL05 - 001,6,1,0.64,2.17,13,4,1.04,6.15,72.73,0.0,1,0,16.67,0.0,24.5,0.0,1,0,False,FOL05 - 001,FOL,16.666666666666664,24.5,4.083333333333333,72.73,False,False
B00D1H4E7E,B00D1H4E7E,"Baba Ghanoush , Eggplant Dip (380g - 13.5oz)",MED10 - 004 Prime,1,0,0.11,0.0,1,0,0.08,0.0,100.0,0.0,1,0,100.0,0.0,8.78,0.0,1,0,True,MED10,MED,100.0,8.78,8.78,100.0,False,False
B00DI7Y2W4,B00DI7Y2W4,LEFKTRO LILLIPUT Capers 1kg Drained Weight,CAP02C - 001,3,1,0.32,2.17,3,1,0.24,1.54,100.0,100.0,1,0,33.33,0.0,17.66,0.0,1,0,False,CAP02C - 001,CAP,33.33333333333333,17.66,5.886666666666667,100.0,False,False
B08LDWS275,B00E7P9ODI,Nielsen-Massey Pure Almond Extract 60 ml (Pack of 8),ESS13 - 008,1,0,0.11,0.0,1,0,0.08,0.0,0.0,0.0,2,0,200.0,0.0,67.56,0.0,1,0,False,ESS13 - 008,ESS,200.0,33.78,67.56,0.0,True,True
B00FXMJ15U,B00FXMJ15U,Valrhona Cacao Powder 250 g,VALRHO002 Prime,5,0,0.53,0.0,5,0,0.4,0.0,80.0,0.0,1,0,20.0,0.0,16.39,0.0,1,0,True,VALRHO002,VALRHO,20.0,16.39,3.278,80.0,False,False
B00FXMJ15U,B00FXMJ15U,Valrhona Cacao Powder 250 g,VALRHO002,5,0,0.53,0.0,5,0,0.4,0.0,80.0,0.0,1,0,20.0,0.0,15.93,0.0,1,0,False,VALRHO002,VALRHO,20.0,15.93,3.186,80.0,False,False
B0BCL8RBPP,B00G6DMN82,Firefly Kiwi Lime and Mint 330 ml (Pack of 12),FIREF003 - 001 Prime,2,0,0.21,0.0,4,0,0.32,0.0,100.0,0.0,1,0,50.0,0.0,22.94,0.0,1,0,True,FIREF003,FIREF,50.0,22.94,11.47,100.0,False,False
B00JC9E7PY,B00JC9E7PY,Doves Farm Organic & Gluten Free Baking Powder 1kg,BAK06C - 002,2,1,0.21,2.17,3,1,0.24,1.54,0.0,0.0,4,0,200.0,0.0,47.0,0.0,1,0,False,BAK06C - 002,BAK,200.0,11.75,23.5,0.0,True,True
B0F59VV357,B00JRCFRWS,Callebaut White Chocolate Mousse Powder 800 g,PRIME004,1,0,0.11,0.0,1,0,0.08,0.0,100.0,0.0,1,0,100.0,0.0,25.29,0.0,1,0,True,PRIME004,PRIME,100.0,25.29,25.29,100.0,False,False
B00M46V7SM,B00M46V7SM,Global Harvest Wild Fennel Pollen Spice 28 g,SPI70 - 001,0,0,0.0,0.0,0,0,0.0,0.0,0.0,0.0,1,0,0.0,0.0,25.05,0.0,1,0,False,SPI70 - 001,SPI,0.0,25.05,0.0,0.0,False,False
B00OPYLXBW,B00OPYLXBW,Béghin Say La Perruche Pure Cane Rough Cut Cubes 1kg SUBR1K Case Of 8,SUG17E,1,1,0.11,2.17,1,1,0.08,1.54,100.0,100.0,1,1,100.0,100.0,38.35,38.35,1,1,False,SUG17E,SUG,100.0,38.35,38.35,100.0,False,False
B0BZ7W4Z98,B00Z9X01Q6,Tate & Lyle Caster Sugar - 6x2kg,TATECA001 - 002,2,0,0.21,0.0,2,0,0.16,0.0,50.0,0.0,1,0,50.0,0.0,24.59,0.0,1,0,False,TATECA001 - 002,TATECA,50.0,24.59,12.295,50.0,False,False
B012S1BDGI,B012S1BDGI,KTC White Vinegar 5 Litres,VIN31A - 001,0,0,0.0,0.0,0,0,0.0,0.0,0.0,0.0,1,0,0.0,0.0,8.85,0.0,1,0,False,VIN31A - 001,VIN,0.0,8.85,0.0,0.0,False,False
B015R3D6DM,B015R3D6DM,Cooks & Co Anchovy Anchovies Fillets in Sunflower Oil Canned Fish 365g,FIS10A - 001,4,0,0.43,0.0,7,0,0.56,0.0,25.0,0.0,1,0,25.0,0.0,11.82,0.0,1,0,False,FIS10A - 001,FIS,25.0,11.82,2.955,25.0,False,False
B015R3D6DM,B015R3D6DM,Cooks & Co Anchovy Anchovies Fillets in Sunflower Oil Canned Fish 365g,FIS10A - 002,4,0,0.43,0.0,7,0,0.56,0.0,25.0,0.0,1,0,25.0,0.0,11.82,0.0,1,0,False,FIS10A - 002,FIS,25.0,11.82,2.955,25.0,False,False
B015Y1X1D2,B015Y1X1D2,Goldenfry Original Gravy Granules 2kg,GRA05 - 004 Prime,6,0,0.64,0.0,7,0,0.56,0.0,85.71,0.0,1,0,16.67,0.0,18.74,0.0,1,0,True,GRA05,GRA,16.666666666666664,18.74,3.123333333333333,85.71,False,False
B019A543JO,B019A543JO,Fentimans - Wild English Elderflower - 275ml x 12,FENTIM004 - 001 Prime,2,0,0.21,0.0,2,0,0.16,0.0,100.0,0.0,1,0,50.0,0.0,22.99,0.0,1,0,True,FENTIM004,FENTIM,50.0,22.99,11.495,100.0,False,False
B019N2OITO,B019N2OITO,"We Can Source It Ltd - Wrapmaster 3000 Cling Film – 30cm x 300m, 3 Rolls – Premium Kitchen Wrap for Professional Catering, Food Preservation, and Freezing – Compatible with Wrapmaster Dispensers",WRA01 - 001,12,1,1.28,2.17,15,1,1.19,1.54,14.29,0.0,1,0,8.33,0.0,27.88,0.0,1,0,False,WRA01 - 001,WRA,8.333333333333332,27.88,2.3233333333333333,14.29,False,False
B019U61K62,B019U61K62,"Taylors of Harrogate Lapsang Souchong Tea, 20 Individually Wrapped & Tagged Tea Bags (Pack of 6)",TAYLOR010 - 002,7,0,0.75,0.0,13,0,1.04,0.0,46.15,0.0,1,0,14.29,0.0,16.95,0.0,1,0,False,TAYLOR010 - 002,TAYLOR,14.285714285714285,16.95,2.4214285714285713,46.15,False,False
B01AW3AM5W,B01AW3AM5W,Pidy Butter Mini Tartlet Desserts (Pack of 90),TAR05C - 001,3,0,0.32,0.0,5,0,0.4,0.0,75.0,0.0,1,0,33.33,0.0,34.23,0.0,1,0,False,TAR05C - 001,TAR,33.33333333333333,34.23,11.409999999999998,75.0,False,False
B01BNJ5ZEW,B01BNJ5ZEW,"Tate & Lyle Fairtrade Unrefined Demerara Pure Cane Sugar, 1kg",TATEDE002 - 002,1,0,0.11,0.0,2,0,0.16,0.0,0.0,0.0,1,0,100.0,0.0,6.31,0.0,1,0,False,TATEDE002 - 002,TATEDE,100.0,6.31,6.31,0.0,False,False
B01BNJ82F6,B01BNJ82F6,Tate and Lyle Dark Soft Brown Sugar 25 kg,TATESO001B - 001,1,1,0.11,2.17,1,1,0.08,1.54,100.0,100.0,1,1,100.0,100.0,38.3,38.3,1,1,False,TATESO001B - 001,TATESO,100.0,38.3,38.3,100.0,False,False
B01BTOSIQI,B01BTOSIQI,Nielsen-Massey Peppermint Extract 60 ml,ESS18 - 003,3,0,0.32,0.0,4,0,0.32,0.0,75.0,0.0,1,0,33.33,0.0,8.29,0.0,1,0,False,ESS18 - 003,ESS,33.33333333333333,8.29,2.763333333333333,75.0,False,False
B01G3T5R18,B01G3T5R18,KTC Crispy Fried Onions - 4 x 400g,ORI300C - 010,5,2,0.53,4.35,5,2,0.4,3.08,20.0,50.0,1,1,20.0,50.0,13.74,13.74,1,1,False,ORI300C - 010,ORI,20.0,13.74,2.748,20.0,False,False
B01H5GE1PG,B01H5GE1PG,"Taylors of Harrogate Lemon and Ginger Tea, 20 Teabags, Pack of 6, Total 120 Teabags",TAYLOR001 - 001,4,0,0.43,0.0,5,0,0.4,0.0,100.0,0.0,1,0,25.0,0.0,20.65,0.0,1,0,False,TAYLOR001 - 001,TAYLOR,25.0,20.65,5.1625,100.0,False,False
B0CH1LNQ4Y,B01IRDERGY,"MONIN Elderflower, 1.17 cl",MONINS41 - 002 Prime,10,0,1.07,0.0,13,0,1.04,0.0,100.0,0.0,1,0,10.0,0.0,13.68,0.0,1,0,True,MONINS41,MONINS,10.0,13.68,1.3679999999999999,100.0,False,False
B07XS8GKFC,B01LY54FZD,Belazu Rose Harissa 170 g (Pack of 2),SPI12AAAAAAAA,3,0,0.32,0.0,3,0,0.24,0.0,100.0,0.0,1,0,33.33,0.0,11.96,0.0,1,0,False,SPI12AAAAAAAA,SPI,33.33333333333333,11.96,3.986666666666667,100.0,False,False
B01N2OJ8RO,B01N2OJ8RO,Folkington's Cloudy Pear Juice 250 ml (Pack of 12),FOL02 - 002,0,0,0.0,0.0,0,0,0.0,0.0,0.0,0.0,1,0,0.0,0.0,23.39,0.0,1,0,False,FOL02 - 002,FOL,0.0,23.39,0.0,0.0,False,False
B073WRG21Q,B073WRG21Q,Callebaut Mycryo Pure Cocoa Butter Powder 600g,BAK24 - 002,0,0,0.0,0.0,0,0,0.0,0.0,0.0,0.0,1,0,0.0,0.0,36.21,0.0,1,0,False,BAK24 - 002,BAK,0.0,36.21,0.0,0.0,False,False
B076JJRGLT,B076JJRGLT,Folkingtons Orange Juice - 12x250ml,FOL05 - 002 Prime,5,0,0.53,0.0,6,0,0.48,0.0,100.0,0.0,1,0,20.0,0.0,25.25,0.0,1,0,True,FOL05,FOL,20.0,25.25,5.05,100.0,False,False
B076QJYTZ5,B076QJYTZ5,Dr. Oetker Scotbloc White Chocolate Flavoured Drops - 3kg (single),OETKER011 - 003 Prime,0,0,0.0,0.0,0,0,0.0,0.0,0.0,0.0,1,1,0.0,0.0,33.54,33.54,1,1,True,OETKER011,OETKER,0.0,33.54,0.0,0.0,False,False
B077BCHY34,B077BCHY34,Opies Black Cherry Compote - 1x1.2kg_AB,COMPOT01 - 001,1,0,0.11,0.0,1,0,0.08,0.0,100.0,0.0,1,0,100.0,0.0,14.22,0.0,1,0,False,COMPOT01 - 001,COMPOT,100.0,14.22,14.22,100.0,False,False
B078ZYS55Y,B078ZYS55Y,Taylors of Harrogate | Naturally Caffeine Free Lemon & Ginger Infusion - 6 x 20 Tea Bags (240 Gr),TAYLOR001 - 004,0,0,0.0,0.0,0,0,0.0,0.0,0.0,0.0,1,0,0.0,0.0,19.98,0.0,1,0,False,TAYLOR001 - 004,TAYLOR,0.0,19.98,0.0,0.0,False,False
B0B9FRDBF5,B07HNFTJ3J,Essential Cuisine Beef Glace 600g Conc St,GLA03 - 005,5,0,0.53,0.0,6,0,0.48,0.0,33.33,0.0,1,0,20.0,0.0,31.98,0.0,1,0,False,GLA03 - 005,GLA,20.0,31.98,6.396,33.33,False,False
B07PF7X2DP,B07PF7X2DP,"We Can Source It Ltd - Wrapmaster 3000 Cling Film – 30cm x 300m, 3 Rolls – Premium Kitchen Wrap for Professional Catering, Food Preservation, and Freezing – Compatible with Wrapmaster Dispensers",WRA01 - 003,6,0,0.64,0.0,6,0,0.48,0.0,0.0,0.0,1,0,16.67,0.0,27.88,0.0,1,0,False,WRA01 - 003,WRA,16.666666666666664,27.88,4.6466666666666665,0.0,False,False
B07QD1ZTJ4,B07QD1ZTJ4,Dorri - Borettane Onions in Balsamic Vinegar (Pickled Onions) 2.5kg,MED32B - 003,1,0,0.11,0.0,3,0,0.24,0.0,0.0,0.0,1,0,100.0,0.0,17.34,0.0,1,0,False,MED32B - 003,MED,100.0,17.34,17.34,0.0,False,False
B07QM1Y6Z1,B07QM1Y6Z1,"Ktc White Vinegar 5 Litre - Perfect For Pickling, Cleaning, Baking, Marinades And Sauces And Cheese Making - 5 Litre Bottle - Produced In The Uk (1 Pack)",VIN31A - 002,3,0,0.32,0.0,6,0,0.48,0.0,100.0,0.0,2,0,66.67,0.0,17.56,0.0,1,0,False,VIN31A - 002,VIN,66.66666666666666,8.78,5.853333333333333,100.0,False,False
B07SSCJ7JR,B07SSCJ7JR,"Monin Chai Tea Coffee & Cocktail Syrup Glass Bottle 700ml (1 Bottle, No Pump)",MONINS07I,0,0,0.0,0.0,0,0,0.0,0.0,0.0,0.0,1,0,0.0,0.0,13.97,0.0,1,0,False,MONINS07I,MONINS,0.0,13.97,0.0,0.0,False,False
B07SWQDHX3,B07SWQDHX3,"Monin Honeycomb Coffee & Cocktail Syrup Plastic Bottle 1 Litre (1 Bottle, No Pumps)",MONIN21A,2,0,0.21,0.0,2,0,0.16,0.0,100.0,0.0,1,0,50.0,0.0,15.5,0.0,1,0,False,MONIN21A,MONIN,50.0,15.5,7.75,100.0,False,False
B0CV151M43,B07ZB5K9ZD,Brown Bag Crisps - Rosemary and Sea Salt 40g (Pack of 20),KY-B3GZ-JQ9Y,5,0,0.53,0.0,9,0,0.72,0.0,77.78,0.0,1,0,20.0,0.0,19.15,0.0,1,0,False,KY-B3GZ-JQ9Y,KY,20.0,19.15,3.8299999999999996,77.78,False,False
B08562KZ6G,B08562KZ6G,Sosa - Soy Lecithin Powder - 400g,SOSALE001 - 001,4,0,0.43,0.0,5,0,0.4,0.0,40.0,0.0,1,0,25.0,0.0,28.31,0.0,1,0,False,SOSALE001 - 001,SOSALE,25.0,28.31,7.0775,40.0,False,False
B085PN6X4C,B085PN6X4C,"Valrhona Cocoa Powder 100%, 8.2 oz",VALRHO002 - 003 Prime,2,0,0.21,0.0,4,0,0.32,0.0,100.0,0.0,1,0,50.0,0.0,16.39,0.0,1,0,True,VALRHO002,VALRHO,50.0,16.39,8.195,100.0,False,False
B085S732DW,B085S732DW,Triple Lion Professional Chef's Fusilli Twists 100% Durum Wheat Semolina Pasta 3kg,PAS03 - 001,29,1,3.09,2.17,35,1,2.79,1.54,0.0,0.0,1,0,3.45,0.0,9.85,0.0,1,0,False,PAS03 - 001,PAS,3.4482758620689653,9.85,0.3396551724137931,0.0,False,False
B085W3HF4M,B085W3HF4M,Triple Lion Professional Chef's Macaroni Elbows 100% Durum Wheat Semolina Pasta 3kg,PAS06 - 001,7,0,0.75,0.0,7,0,0.56,0.0,14.29,0.0,1,0,14.29,0.0,9.86,0.0,1,0,False,PAS06 - 001,PAS,14.285714285714285,9.86,1.4085714285714286,14.29,False,False
B086QSFC3C,B086QSFC3C,Freshers Lime 5ltr Juice Cordial,COR20A - 001,0,0,0.0,0.0,0,0,0.0,0.0,0.0,0.0,1,0,0.0,0.0,11.09,0.0,1,0,False,COR20A - 001,COR,0.0,11.09,0.0,0.0,False,False
B08BP87N26,B08BP87N26,Essential Cuisine Chicken Stock Mix - 2x800g,STO19C,3,1,0.32,2.17,4,1,0.32,1.54,25.0,100.0,1,1,33.33,100.0,45.11,45.11,1,1,False,STO19C,STO,33.33333333333333,45.11,15.036666666666667,25.0,False,True
B08BPBPYTF,B08BPBPYTF,Pom Bears Original Ready Salted Crisps - 36x19g,CRI50 - 001,4,1,0.43,2.17,4,1,0.32,1.54,75.0,0.0,1,0,25.0,0.0,26.49,0.0,1,0,False,CRI50 - 001,CRI,25.0,26.49,6.6225,75.0,False,False
B08BPCWQGT,B08BPCWQGT,Fentimans Ginger Beer Drinks - 12x275ml,FENTIM005 - 002 Prime,1,1,0.11,2.17,2,2,0.16,3.08,100.0,0.0,2,0,200.0,0.0,45.98,0.0,1,0,True,FENTIM005,FENTIM,200.0,22.99,45.98,100.0,True,True
B08DRLXNKG,B08DRLXNKG,Heinz Tartare Sauce Sachets - 200x,HEI10D - 001,2,0,0.21,0.0,2,0,0.16,0.0,100.0,0.0,1,0,50.0,0.0,22.45,0.0,1,0,False,HEI10D - 001,HEI,50.0,22.45,11.225,100.0,False,False
B08PZDT5MV,B08PZDT5MV,Essential Cuisine Wild Mushroom Glace 600g,GLA08,2,0,0.21,0.0,2,0,0.16,0.0,50.0,0.0,1,0,50.0,0.0,32.98,0.0,1,0,False,GLA08,GLA,50.0,32.98,16.49,50.0,False,False
B08PZJ4RRS,B08PZJ4RRS,Essential Cuisine Lamb Glace 600g,GLA07,0,0,0.0,0.0,0,0,0.0,0.0,0.0,0.0,1,0,0.0,0.0,30.68,0.0,1,0,False,GLA07,GLA,0.0,30.68,0.0,0.0,False,False
B0B9FRDBF5,B08R7LDBTZ,Essential Cuisine Lobster Glace 600g,GLA01 - 005,2,1,0.21,2.17,4,2,0.32,3.08,100.0,100.0,2,2,100.0,200.0,68.2,68.2,1,1,False,GLA01 - 005,GLA,100.0,34.1,34.1,100.0,False,True
B08TMSP48Z,B08TMSP48Z,Cornichons in Vinegar,GHE01C,6,0,0.64,0.0,8,0,0.64,0.0,100.0,0.0,1,0,16.67,0.0,13.87,0.0,1,0,False,GHE01C,GHE,16.666666666666664,13.87,2.3116666666666665,100.0,False,False
B08TQPBQLV,B08TQPBQLV,Spanish White Wine Vinegar 5L,VIN10,1,1,0.11,2.17,3,3,0.24,4.62,100.0,100.0,5,5,500.0,500.0,46.3,46.3,1,1,False,VIN10,VIN,500.0,9.26,46.3,100.0,True,True
B08V5KBK95,B08V5KBK95,Folkingtons Pineapple Juice - 12x250ml,FOL07 - 001,0,0,0.0,0.0,0,0,0.0,0.0,0.0,0.0,1,0,0.0,0.0,24.49,0.0,1,0,False,FOL07 - 001,FOL,0.0,24.49,0.0,0.0,False,False
B08W2JPB6C,B08W2JPB6C,Wild Rice 1Kg - Centaur Brand,RIC16,1,0,0.11,0.0,2,0,0.16,0.0,100.0,0.0,1,0,100.0,0.0,19.42,0.0,1,0,False,RIC16,RIC,100.0,19.42,19.42,100.0,False,False
B08ZYYSQ24,B08ZYYSQ24,Centaur Gluten Free Japanese Style Tempura Batter Mix 1kg,BRE04D - 001,0,0,0.0,0.0,0,0,0.0,0.0,0.0,0.0,2,0,0.0,0.0,15.7,0.0,1,0,False,BRE04D - 001,BRE,0.0,7.85,0.0,0.0,False,False
B09BG6J3JR,B09BG6J3JR,"Elsinore - Cockles in Vinegar, Ready to Eat, 200g (Pack of 6)",ELSIN003 - 001 Prime,8,2,0.85,4.35,9,2,0.72,3.08,100.0,0.0,1,0,12.5,0.0,20.68,0.0,1,0,True,ELSIN003,ELSIN,12.5,20.68,2.585,100.0,False,False
B09BJZF93S,B09BJZF93S,"SOSA Isomalt ""F"" Refined (900g)",SOS42 - 001,3,0,0.32,0.0,3,0,0.24,0.0,66.67,0.0,1,0,33.33,0.0,17.1,0.0,1,0,False,SOS42 - 001,SOS,33.33333333333333,17.1,5.7,66.67,False,False
B09RN5YKW7,B09RN5YKW7,"VALRHONA Cocoa Powder, 250 GR",VALRHO002 - 004,2,0,0.21,0.0,3,0,0.24,0.0,100.0,0.0,1,0,50.0,0.0,15.72,0.0,1,0,False,VALRHO002 - 004,VALRHO,50.0,15.72,7.86,100.0,False,False
B09RQS4SBQ,B09RQS4SBQ,"Buchanans Glace Red Cherries, 1 Kg Tub, Perfect For Baking, Decorating Cakes, Tarts, Panettones and Cookies",DRI12B - 002 Prime,6,1,0.64,2.17,6,1,0.48,1.54,83.33,0.0,1,0,16.67,0.0,12.19,0.0,1,0,True,DRI12B,DRI,16.666666666666664,12.19,2.0316666666666667,83.33,False,False
B09RV2FVXK,B09RV2FVXK,"Buchanan Natural Sultanas 3kg | Perfect for Breakfast, Baking and Snacking | Suitable for Vegans and Vegetarians",DRISUL001-002,1,0,0.11,0.0,1,0,0.08,0.0,100.0,0.0,1,0,100.0,0.0,17.29,0.0,1,0,False,DRISUL001-002,DRISUL,100.0,17.29,17.29,100.0,False,False
B09S6PCQGZ,B09S6PCQGZ,Firefly Kiwi Lime & Mint - 12x330ml,FIREF003 - 003 Prime,5,0,0.53,0.0,5,0,0.4,0.0,100.0,0.0,1,0,20.0,0.0,22.94,0.0,1,0,True,FIREF003,FIREF,20.0,22.94,4.588,100.0,False,False
B09SHFV2XK,B09SHFV2XK,Centaur Champagne Vinegar 750ml,VIIN23-001,1,0,0.11,0.0,2,0,0.16,0.0,100.0,0.0,1,0,100.0,0.0,9.39,0.0,1,0,False,VIIN23-001,VIIN,100.0,9.39,9.39,100.0,False,False
B0B9LG1Z5F,B09T3HPZ16,Fontinella Artichoke Hearts in Brine 390g ARTH12 x 12,VEG09G - 002 Prime,1,0,0.11,0.0,1,0,0.08,0.0,100.0,0.0,1,0,100.0,0.0,33.87,0.0,1,0,True,VEG09G,VEG,100.0,33.87,33.87,100.0,False,False
B09VK54B29,B09VK54B29,Lee Kum Kee Premium Dark Soy Sauce 1.75L,SOY07 - 001,0,0,0.0,0.0,0,0,0.0,0.0,0.0,0.0,1,0,0.0,0.0,11.49,0.0,1,0,False,SOY07 - 001,SOY,0.0,11.49,0.0,0.0,False,False
B0B297P6MK,B0B297P6MK,The Fine Cookie Co. Rocky Mountain Road Cookies 1 x 36,FINECO005 - 001,1,0,0.11,0.0,1,0,0.08,0.0,100.0,0.0,2,0,200.0,0.0,85.94,0.0,1,0,False,FINECO005 - 001,FINECO,200.0,42.97,85.94,100.0,True,True
B0DPJF7N4F,B0B61D6XB1,"Jacob's Mini Cheddars Original Grab Bag, 45 g (Pack of 30)",BAR28 - prime,4,0,0.43,0.0,6,0,0.48,0.0,100.0,0.0,2,0,50.0,0.0,39.94,0.0,1,0,True,BAR28 - prime,BAR,50.0,19.97,9.985,100.0,False,False
B0B6QBZGPS,B0B6Q9YB34,Colman's English Mustard 150g x Case of 6,COL10A - 004 Prime,1,0,0.11,0.0,1,0,0.08,0.0,100.0,0.0,1,0,100.0,0.0,22.3,0.0,1,0,True,COL10A,COL,100.0,22.3,22.3,100.0,False,False
B0B99329X1,B0B99329X1,Parkers Kerrymaid UHT Double Cream 12 x 1 Litre,UHT03B - 002,8,1,0.85,2.17,9,1,0.72,1.54,100.0,100.0,1,0,12.5,0.0,47.61,0.0,1,0,False,UHT03B - 002,UHT,12.5,47.61,5.95125,100.0,False,True
B0B998R6L4,B0B998R6L4,Parkers Kerrymaid UHT Double Cream 1 Litre,UHT03B - 001 Prime,15,0,1.6,0.0,18,0,1.43,0.0,100.0,0.0,3,0,20.0,0.0,24.39,0.0,1,0,True,UHT03B,UHT,20.0,8.13,1.6260000000000001,100.0,False,False
B0BDM89147,B0BDM89147,"Parkers Lion Blue Cheese Dressing 2.27Litres, White",DRE04 = 001,2,0,0.21,0.0,2,0,0.16,0.0,100.0,0.0,1,0,50.0,0.0,15.82,0.0,1,0,False,DRE04 = 001,DRE,50.0,15.82,7.91,100.0,False,False
B0BLZJZLW6,B0BLZJZLW6,Ingram Brothers Meri-white Meringue and Royal Icing Mix 1.5kg,MCD50A - 001,1,0,0.11,0.0,2,0,0.16,0.0,100.0,0.0,1,1,100.0,0.0,54.0,54.0,1,1,False,MCD50A - 001,MCD,100.0,54.0,54.0,100.0,False,True
B0BPMG1SZZ,B0BPMG1SZZ,Parkers Chilli Rice Crackers 1kg,BAR05 - 001,1,0,0.11,0.0,1,0,0.08,0.0,100.0,0.0,1,0,100.0,0.0,16.89,0.0,1,0,False,BAR05 - 001,BAR,100.0,16.89,16.89,100.0,False,False
B0BWYXP7Z9,B0BWYXP7Z9,Chef William Sage & Onion Stuffing 3kg,STU01A - 001,1,0,0.11,0.0,1,0,0.08,0.0,100.0,0.0,1,0,100.0,0.0,12.68,0.0,1,0,False,STU01A - 001,STU,100.0,12.68,12.68,100.0,False,False
B0C521CFV6,B0C521CFV6,Taylors of Harrogate Ceylon Tea 6 x 20 Individually Wrapped Tea Bags,TAYLOR007 - 003,1,0,0.11,0.0,1,0,0.08,0.0,100.0,0.0,1,0,100.0,0.0,17.25,0.0,1,0,False,TAYLOR007 - 003,TAYLOR,100.0,17.25,17.25,100.0,False,False
B0CBQ7YNKN,B0CBQ7YNKN,Le Guerandais Coarse Sea Salt 1kg X 6,SAL21 - 004 Prime,1,0,0.11,0.0,1,0,0.08,0.0,100.0,0.0,1,0,100.0,0.0,21.07,0.0,1,0,True,SAL21,SAL,100.0,21.07,21.07,100.0,False,False
B0CD7W81FQ,B0CD7W81FQ,"Crusha Milk Shake Syrup 1ltr (Strawberry, 1)",CRUSHA003 - 003 Prime,3,0,0.32,0.0,4,0,0.32,0.0,100.0,0.0,1,0,33.33,0.0,9.99,0.0,1,0,True,CRUSHA003,CRUSHA,33.33333333333333,9.99,3.33,100.0,False,False
B0CFB8YHPN,B0CFB5M7BH,"Mars, Kinder, Cadbury and Nestle Chocolate Bulk Buy (Mars 24 x 51g Box, (1 Pack))",CHO31B - 008,7,0,0.75,0.0,10,0,0.8,0.0,77.78,0.0,1,0,14.29,0.0,17.74,0.0,1,0,False,CHO31B - 008,CHO,14.285714285714285,17.74,2.5342857142857143,77.78,False,False
B0CGMYDC3V,B0CGMYDC3V,Golden Swan Vietnamese Prawn Crackers 1 Pack of 2kg - Light and Crispy Authentic Prawn,ACC02A - 002,2,0,0.21,0.0,3,0,0.24,0.0,100.0,0.0,2,0,100.0,0.0,19.32,0.0,1,0,False,ACC02A - 002,ACC,100.0,9.66,9.66,100.0,False,False
B0CLM75717,B0CLM6HW9S,"Buchanan Dried Fruits (CHOPPED Dates 3kg, Pack of 1)",DRIDAT002 - 003 Prime,1,0,0.11,0.0,1,0,0.08,0.0,100.0,0.0,3,3,300.0,0.0,41.37,41.37,1,1,True,DRIDAT002,DRIDAT,300.0,13.79,41.37,100.0,True,True
B0CLSD66C4,B0CLSD66C4,"Freee Flour Selection Pack | White Bread, Brown Bread, Self Raising White & Plain White | One of Each 1kg Pack | Free from Gluten",Doves Bundle - 002 Prime,2,0,0.21,0.0,4,0,0.32,0.0,100.0,0.0,1,0,50.0,0.0,16.84,0.0,1,0,True,Doves Bundle,D,50.0,16.84,8.42,100.0,False,False
B0CN3NRK7H,B0CN3KYG4D,"Fresher's Juice Drinks 5ltr (No Added Sugar Orange, 1)",COR34A - 004,3,0,0.32,0.0,5,0,0.4,0.0,100.0,0.0,1,0,33.33,0.0,10.79,0.0,1,0,False,COR34A - 004,COR,33.33333333333333,10.79,3.5966666666666662,100.0,False,False
B0CND949FX,B0CND949FX,Heygates Fine Lady Plain Flour 1.5kg (Pack of 6),FLO01A - 002 Prime,2,0,0.21,0.0,7,0,0.56,0.0,20.0,0.0,1,0,50.0,0.0,13.24,0.0,1,0,True,FLO01A,FLO,50.0,13.24,6.62,20.0,False,False
B0CPQ6SKZH,B0CPQ6SKZH,Brown Bag Retail Lightly Salted Crisps and Sea Salt & Malt Vinegar Crisps (2 Boxes),Crisps Bundle - 009 Prime,1,0,0.11,0.0,2,0,0.16,0.0,100.0,0.0,1,0,100.0,0.0,32.83,0.0,1,0,True,Crisps Bundle,C,100.0,32.83,32.83,100.0,False,False
B0CRL2H2RB,B0CRL2H2RB,Flora Plant Based Double Cream Alternative 1ltr,FLORA004 - 001,1,0,0.11,0.0,1,0,0.08,0.0,100.0,0.0,1,0,100.0,0.0,9.79,0.0,1,0,False,FLORA004 - 001,FLORA,100.0,9.79,9.79,100.0,False,False
B0CRL8N9X9,B0CRL8N9X9,Elsinore Lumpfish Caviar 100g,ELSIN001 - 001,7,0,0.75,0.0,8,0,0.64,0.0,100.0,0.0,1,0,14.29,0.0,9.49,0.0,1,0,False,ELSIN001 - 001,ELSIN,14.285714285714285,9.49,1.3557142857142856,100.0,False,False
B0CTMW5SHC,B0CTMW5SHC,Ballerina Tinned Sweetcorn 2.125kg (Pack of 2),VEG13B - 002 Prime,2,0,0.21,0.0,2,0,0.16,0.0,100.0,0.0,1,0,50.0,0.0,16.21,0.0,1,0,True,VEG13B,VEG,50.0,16.21,8.105,100.0,False,False
B0CTMYG2H5,B0CTMYG2H5,Lemon Wrap & Ties 1 x 100,NON90 - 001 Prime,1,0,0.11,0.0,2,0,0.16,0.0,100.0,0.0,1,1,100.0,0.0,35.8,35.8,1,1,True,NON90,NON,100.0,35.8,35.8,100.0,False,False
B0CTQTWCQK,B0CTQTWCQK,Dried Fermipan Yeast 500gm (Pack of 6),BAK01 - 005 Prime,0,0,0.0,0.0,0,0,0.0,0.0,0.0,0.0,1,0,0.0,0.0,24.65,0.0,1,0,True,BAK01,BAK,0.0,24.65,0.0,0.0,False,False
B0CTQWB8HG,B0CTQWB8HG,"Mae Ploy Authentic Thai Assorted Curry Paste 400g - Massaman, Red, Green & Yellow Curry Sauce (Pack of 4) HALAL",Mae Ploy Bundle - 003 Prime,5,0,0.53,0.0,6,0,0.48,0.0,100.0,0.0,1,0,20.0,0.0,17.49,0.0,1,0,True,Mae Ploy Bundle,M,20.0,17.49,3.4979999999999998,100.0,False,False
B0CV85NQ99,B0CV85NQ99,Tinned Princes Solid Pack Rhubarb 2.82kg (Pack of 6),FRU04 - 003,0,0,0.0,0.0,0,0,0.0,0.0,0.0,0.0,1,0,0.0,0.0,60.49,0.0,1,0,False,FRU04 - 003,FRU,0.0,60.49,0.0,0.0,False,True
B0CVLG4MT9,B0CVLBZ4FY,"Taylors Tea 1 x 20 Bags (6, Lemon & Ginger Infusion)",TAYLOR001 - 003 Prime,1,0,0.11,0.0,2,0,0.16,0.0,100.0,0.0,3,0,300.0,0.0,61.95,0.0,1,0,True,TAYLOR001,TAYLOR,300.0,20.650000000000002,61.95,100.0,True,True
B0CVNBBHHG,B0CVMWVVX7,"Colavita Olive Oil (1, Colavita 100% Greek Extra Virgin Olive Oil)",COLAVI004 - 001 Prime,1,0,0.11,0.0,2,0,0.16,0.0,100.0,0.0,1,0,100.0,0.0,13.41,0.0,1,0,True,COLAVI004,COLAVI,100.0,13.41,13.41,100.0,False,False
B0CW3NMR7N,B0CW3NMR7N,Seasoners Traditional Pickled Onions 2.25kg (Pack of 2),PIC05A - 002 Prime,0,0,0.0,0.0,0,0,0.0,0.0,0.0,0.0,1,0,0.0,0.0,21.99,0.0,1,0,True,PIC05A,PIC,0.0,21.99,0.0,0.0,False,False
B0CWLM5T7R,B0CWLM5T7R,Elsinore Lumpfish Caviar 100gm (Pack of 6),ELSIN001 - 005 Prime,2,0,0.21,0.0,2,0,0.16,0.0,100.0,0.0,1,0,50.0,0.0,34.99,0.0,1,0,True,ELSIN001,ELSIN,50.0,34.99,17.495,100.0,False,False
B0CX98F88X,B0CX98F88X,Wrapmaster 4500 Baking Parchment Refill 3 x 50 metres (2 Boxes of 3 Rolls),WRA06 - 006 Prime,1,1,0.11,2.17,1,1,0.08,1.54,100.0,100.0,1,1,100.0,100.0,65.83,65.83,1,1,True,WRA06,WRA,100.0,65.83,65.83,100.0,False,True
B0CYPZMDR4,B0CYPZMDR4,Parkers ELSINORE - Lumpfish Caviar - 100gm (Pack of 3),ELSIN001 - 006 Prime,6,0,0.64,0.0,8,0,0.64,0.0,100.0,0.0,1,0,16.67,0.0,20.99,0.0,1,0,True,ELSIN001,ELSIN,16.666666666666664,20.99,3.498333333333333,100.0,False,False
B0D184G3RW,B0D184G3RW,Parkers CORE - Salt Sachets - 1 x 2000,CORESA009 - 001 Prime,1,0,0.11,0.0,1,0,0.08,0.0,100.0,0.0,1,1,100.0,0.0,10.89,10.89,1,1,True,CORESA009,CORESA,100.0,10.89,10.89,100.0,False,False
B0D1CND51R,B0D1CND51R,Parkers Jacob's - Mini Cheddars RED LEICESTER Flavour Crisps - 30 x 45g,BAR29 - 001 Prime,5,0,0.53,0.0,6,0,0.48,0.0,100.0,0.0,1,0,20.0,0.0,20.29,0.0,1,0,True,BAR29,BAR,20.0,20.29,4.058,100.0,False,False
B0D2387Z3L,B0D232WH9Z,Parkers CORE - Tuna Chunks Brine - 1.705kg (1 Tin),TUN04A - 001 Prime,0,0,0.0,0.0,0,0,0.0,0.0,0.0,0.0,1,0,0.0,0.0,15.51,0.0,1,0,True,TUN04A,TUN,0.0,15.51,0.0,0.0,False,False
B0D2P77RYV,B0D2P6CZX2,Dawn - BANANA Compound - 1kg,COMPOU004 - 001 Prime,1,1,0.11,2.17,1,1,0.08,1.54,100.0,100.0,1,1,100.0,100.0,37.57,37.57,1,1,True,COMPOU004,COMPOU,100.0,37.57,37.57,100.0,False,False
B0D2PCPCL2,B0D2PBJ2W1,Parkers Dawn - PLAIN Muffin Mix - 3.5kg,DAWN3.5 - 001 Prime,2,1,0.21,2.17,8,6,0.64,9.23,100.0,0.0,1,0,50.0,0.0,21.39,0.0,1,0,True,DAWN3.5,DAWN,50.0,21.39,10.695,100.0,False,False
B0D33QPMJH,B0D33QPMJH,"Menz & Gasser - Jam Portions (Plastic) (100 x 20gm, Assorted)",JAM03B - 005 Prime,3,0,0.32,0.0,3,0,0.24,0.0,100.0,0.0,1,0,33.33,0.0,15.92,0.0,1,0,True,JAM03B,JAM,33.33333333333333,15.92,5.306666666666667,100.0,False,False
B0D45VBX54,B0D45NC69B,Drink Me - Chai ARTISAN Blend Chai Latte - 1kg (4),HOT08 - 004 Prime,0,0,0.0,0.0,0,0,0.0,0.0,0.0,0.0,1,0,0.0,0.0,69.05,0.0,1,0,True,HOT08,HOT,0.0,69.05,0.0,0.0,False,True
B0D45NPK7W,B0D45NPK7W,Fresher's Bundle - ORANGE & BLACKCURRANT Drink - 2 X 5ltr (No Added Sugar),Bundle - 124 Prime,1,0,0.11,0.0,1,0,0.08,0.0,100.0,0.0,1,0,100.0,0.0,19.7,0.0,1,0,True,Bundle,B,100.0,19.7,19.7,100.0,False,False
B0D5D7ZHMC,B0D5DCC2RZ,"Firefly (12 x 330ml, KIWI, LIME & MINT)",FIREF003 - 002 Prime,3,0,0.32,0.0,4,0,0.32,0.0,100.0,0.0,1,0,33.33,0.0,23.25,0.0,1,0,True,FIREF003,FIREF,33.33333333333333,23.25,7.75,100.0,False,False
B0D6WL5F3Q,B0D6WL5F3Q,Chef William - TEMPURA Batter Mix - 1kg - (Pack of 10),BRE04B - 002 Prime,0,0,0.0,0.0,0,0,0.0,0.0,0.0,0.0,1,0,0.0,0.0,32.58,0.0,1,0,True,BRE04B,BRE,0.0,32.58,0.0,0.0,False,False
B0D92QMD5V,B0D92QMD5V,"Jersey Ice Cream Mix 1ltr (12, Luxury)",UHT31B - 004 Prime,1,0,0.11,0.0,1,0,0.08,0.0,100.0,0.0,1,0,100.0,0.0,53.84,0.0,1,0,True,UHT31B,UHT,100.0,53.84,53.84,100.0,False,True
B0D96N8KBS,B0D96PFNLK,"OTT - Dessert Topping Sauce - 500gm (6, Strawberry)",MAC02A - 001 Prime,0,0,0.0,0.0,0,0,0.0,0.0,0.0,0.0,1,1,0.0,0.0,20.8,20.8,1,1,True,MAC02A,MAC,0.0,20.8,0.0,0.0,False,False
B0D9HRJMFR,B0D9HRJMFR,REGGIA Cannelloni Tubes 250gm (Pack of 3),PAS12A - 017 Prime,1,0,0.11,0.0,1,0,0.08,0.0,100.0,0.0,1,0,100.0,0.0,8.54,0.0,1,0,True,PAS12A,PAS,100.0,8.54,8.54,100.0,False,False
B0DDTRT5CB,B0DDTSQC9X,Centaur - French Verjus De Perigord - 500ml (1 Bottle),VIN43A - 001 Prime,1,0,0.11,0.0,3,0,0.24,0.0,100.0,0.0,1,0,100.0,0.0,14.95,0.0,1,0,True,VIN43A,VIN,100.0,14.95,14.95,100.0,False,False
B0DDXY49FJ,B0DDXY49FJ,"Anti-Bacterial Probe Wipes, Alcohol-Free, Quat-Free, 200 Wipes, Sheet Size: 12cm x 15cm (Pack of 6)",NON40B - 003 Prime,1,0,0.11,0.0,1,0,0.08,0.0,100.0,0.0,1,0,100.0,0.0,35.58,0.0,1,0,True,NON40B,NON,100.0,35.58,35.58,100.0,False,False
B0DFMRZ5DP,B0DFMRZ5DP,La Perruche Rough Cut White Sugar Cubes 1kg - (Pack of 4),SUG16 - 002 Prime,2,0,0.21,0.0,2,0,0.16,0.0,100.0,0.0,1,1,50.0,0.0,21.35,21.35,1,1,True,SUG16,SUG,50.0,21.35,10.675,100.0,False,False
B0DPJ458LV,B0DPJ458LV,Centaur - Duck Fat - 1kg,FAT03C - 001,7,1,0.75,2.17,8,1,0.64,1.54,100.0,100.0,1,0,14.29,0.0,12.93,0.0,1,0,False,FAT03C - 001,FAT,14.285714285714285,12.93,1.8471428571428572,100.0,False,False
B0DPLFN2WF,B0DPLFN2WF,Merchant Gourmet - Simply Cooked Chestnuts - 500gm - (Pack of 3),NUT15E - 005 Prime,1,0,0.11,0.0,1,0,0.08,0.0,100.0,0.0,1,0,100.0,0.0,16.81,0.0,1,0,True,NUT15E,NUT,100.0,16.81,16.81,100.0,False,False
B0DTQ3HNZZ,B0DTQ3HNZZ,Fontinella - Baked Beans in Tomato Sauce - 800g - (Pack of 6),BEA17 - 002 Prime,2,0,0.21,0.0,2,0,0.16,0.0,100.0,0.0,1,0,50.0,0.0,15.47,0.0,1,0,True,BEA17,BEA,50.0,15.47,7.735,100.0,False,False
B0DZDVXYD1,B0DZDVXYD1,"Crusha Bundle - Banana, Chocolate & Strawberry - 3 x 500ml",Bundle - 216 Prime,4,0,0.43,0.0,5,0,0.4,0.0,100.0,0.0,1,0,25.0,0.0,11.49,0.0,1,0,True,Bundle,B,25.0,11.49,2.8725,100.0,False,False
B0DZHXTDND,B0DZHXTDND,Clarks - Maple Flavoured Syrup - 1ltr,SYR05C - 001 Prime,1,0,0.11,0.0,1,0,0.08,0.0,100.0,0.0,1,0,100.0,0.0,9.36,0.0,1,0,True,SYR05C,SYR,100.0,9.36,9.36,100.0,False,False
B0F222QD7S,B0F222QD7S,Bulky Soft - Black 2ply Cocktail Napkins - 2000 x 24cm x 24cm - (32204),NAPKIN108 - 001 Prime,0,0,0.0,0.0,0,0,0.0,0.0,0.0,0.0,1,0,0.0,0.0,28.78,0.0,1,0,True,NAPKIN108,NAPKIN,0.0,28.78,0.0,0.0,False,False
B0F38VZ9TS,B0F38VZ9TS,"DAZ Washing Powder for Whites & Colours, 6.25kg - 125 Washes, Powerful Cleaning, Fresh Fragrance - Household",CLE22AA - 003 Prime,0,0,0.0,0.0,0,0,0.0,0.0,0.0,0.0,1,0,0.0,0.0,24.93,0.0,1,0,True,CLE22AA,CLE,0.0,24.93,0.0,0.0,False,False
B0F3JNCLXJ,B0F3JNCLXJ,Grandma Wild's Assorted Biscuits (4 Variety) 100 x 2 Bisc,GRANDM001 - 001 Prime,6,1,0.64,2.17,6,1,0.48,1.54,100.0,100.0,2,0,33.33,0.0,59.38,0.0,1,0,True,GRANDM001,GRANDM,33.33333333333333,29.69,9.896666666666667,100.0,False,True
B0F445TJ4G,B0F445TJ4G,Caterers Pride - GRAPEFRUIT Segments In Light Syrup - 540gm - (Pack of 12),FRU07B - 002,1,0,0.11,0.0,2,0,0.16,0.0,100.0,0.0,1,0,100.0,0.0,27.54,0.0,1,0,False,FRU07B - 002,FRU,100.0,27.54,27.54,100.0,False,False
B0F4KN5GBN,B0F4KN5GBN,Osprio Giant Cous Cous 1kg,OSPRIO021 - 001 Prime,2,0,0.21,0.0,3,0,0.24,0.0,100.0,0.0,1,0,50.0,0.0,7.5,0.0,1,0,True,OSPRIO021,OSPRIO,50.0,7.5,3.75,100.0,False,False
B0F6TP6WCD,B0F6TP6WCD,La Perruche - Wrapped MIXED Individual Sugar Cubes 2.5kg - (Pack of 4),SUG31 - 004,2,0,0.21,0.0,3,0,0.24,0.0,100.0,0.0,1,0,50.0,0.0,114.52,0.0,1,0,False,SUG31 - 004,SUG,50.0,114.52,57.26,100.0,False,True
B0F74KQJLS,B0F74KQJLS,Triple Lion - Garlic Puree - 1kg,GAR01AA - 001 Prime,0,0,0.0,0.0,0,0,0.0,0.0,0.0,0.0,1,0,0.0,0.0,9.38,0.0,1,0,True,GAR01AA,GAR,0.0,9.38,0.0,0.0,False,False
B0F7R11Z5K,B0F7R11Z5K,Douwe Egberts Traditional Filter Coffee Sachets – Pack of 45 x 50g (Total 2250g) + Filters – Smooth & Rich Coffee Blend,COF22B - 007,0,0,0.0,0.0,0,0,0.0,0.0,0.0,0.0,1,1,0.0,0.0,54.24,54.24,1,1,False,COF22B - 007,COF,0.0,54.24,0.0,0.0,False,True
B0F7YW7WGM,B0F7YW7WGM,Nestlé GoFree Rice Pops Gluten-Free Cereal – 4 x 350g | Light & Crispy Breakfast Cereal | Suitable for Gluten-Free Diets,CER38 - 002 Prime,1,0,0.11,0.0,1,0,0.08,0.0,100.0,0.0,2,0,200.0,0.0,32.28,0.0,1,0,True,CER38,CER,200.0,16.14,32.28,100.0,True,False
B0F91WW7CC,B0F91WW7CC,"24 x 51g Bars – Mars Chocolate Bars Milk Chocolate Bulk Box – Soft Nougat, Rich Caramel & Smooth Chocolate – Individually Wrapped Treats for Gifting & Snacking",CHO31B - 015,3,0,0.32,0.0,5,0,0.4,0.0,100.0,0.0,1,0,33.33,0.0,18.48,0.0,1,0,False,CHO31B - 015,CHO,33.33333333333333,18.48,6.16,100.0,False,False
B0FBS2X2ZC,B0FBS2X2ZC,Penn State Sour Cream & Chive Pretzels – 33 x 30g | Baked Wheat & Potato Snacks | Vegetarian | Individually Wrapped,PRETZEL001 - 002,4,0,0.43,0.0,7,0,0.56,0.0,14.29,0.0,1,0,25.0,0.0,27.98,0.0,1,0,False,PRETZEL001 - 002,PRETZEL,25.0,27.98,6.995,14.29,False,False
B0FCMYY351,B0FCMYY351,Folkington's - Sparkling ELDERFLOWER Presse (Glass) - 12 x 330ml,FOL21 - 002,0,0,0.0,0.0,0,0,0.0,0.0,0.0,0.0,1,0,0.0,0.0,25.99,0.0,1,0,False,FOL21 - 002,FOL,0.0,25.99,0.0,0.0,False,False
B0FH317Q4R,B0FH317Q4R,Boudin Noire (Black Pudding) 370g – Traditional French Pork Sausage – Shelf Stable – by Centaur Foods,BLA03 - 001 Prime,0,0,0.0,0.0,0,0,0.0,0.0,0.0,0.0,1,0,0.0,0.0,12.99,0.0,1,0,True,BLA03,BLA,0.0,12.99,0.0,0.0,False,False
B0FJ92NLHF,B0FJ92NLHF,"Chef Approved Tartare Sauce Sachets – 200 × 9 g Portions – Creamy, Tangy Condiment Sachets",CAS009 - 001,1,0,0.11,0.0,1,0,0.08,0.0,100.0,0.0,1,0,100.0,0.0,13.99,0.0,1,0,False,CAS009 - 001,CAS,100.0,13.99,13.99,100.0,False,False
